Run,ReleaseDate,LoadDate,spots,bases,spots_with_mates,avgLength,size_MB,AssemblyName,download_path,Experiment,LibraryName,LibraryStrategy,LibrarySelection,LibrarySource,LibraryLayout,InsertSize,InsertDev,Platform,Model,SRAStudy,BioProject,Study_Pubmed_id,ProjectID,Sample,BioSample,SampleType,TaxID,ScientificName,SampleName,g1k_pop_code,source,g1k_analysis_group,Subject_ID,Sex,Disease,Tumor,Affection_Status,Analyte_Type,Histological_Type,Body_Site,CenterName,Submission,dbgap_study_accession,Consent,RunHash,ReadHash
SRR7366607,2018-06-19 14:59:12,2018-06-19 14:42:28,44054828,7110771090,44054828,161,3608,GCA_000001405.13,https://sra-downloadb.be-md.ncbi.nlm.nih.gov/sos5/sra-pub-zq-14/SRR007/366/SRR7366607.sralite.1,SRX4239559,786-0-exome,Targeted-Capture,size fractionation,GENOMIC,PAIRED,0,0,ILLUMINA,Illumina Genome Analyzer IIx,SRP150855,PRJNA474665,2,474665,SRS2985798,SAMN08519383,simple,9606,Homo sapiens,786-0,,,,,male,,no,,,,,HITHRU ANALYTICS LLC,SRA724673,,public,C11E5847912A2F0BCBDC489F08EB6349,CBD211171EDF60A76E4A5008BCDC03D6
SRR7366608,2018-06-19 14:55:18,2018-06-19 14:36:24,34354687,5565459294,34354687,162,2938,GCA_000001405.13,https://sra-downloadb.be-md.ncbi.nlm.nih.gov/sos5/sra-pub-zq-14/SRR007/366/SRR7366608.sralite.1,SRX4239558,A498-exome,Targeted-Capture,size fractionation,GENOMIC,PAIRED,0,0,ILLUMINA,Illumina Genome Analyzer IIx,SRP150855,PRJNA474665,2,474665,SRS2985794,SAMN08519384,simple,9606,Homo sapiens,A498,,,,,female,,no,,,,,HITHRU ANALYTICS LLC,SRA724673,,public,4A0FBE9F2A620DCA1B267E930DDEC866,8E412177288DD0F6B1E51337122F6418
SRR7366605,2018-06-19 14:46:13,2018-06-19 14:39:31,19756268,3200515416,19756268,162,1848,GCA_000001405.13,https://sra-downloadb.be-md.ncbi.nlm.nih.gov/sos5/sra-pub-zq-14/SRR007/366/SRR7366605.sralite.1,SRX4239561,A549-ATCC-exome,Targeted-Capture,size fractionation,GENOMIC,PAIRED,0,0,ILLUMINA,Illumina Genome Analyzer IIx,SRP150855,PRJNA474665,2,474665,SRS2985809,SAMN08519365,simple,9606,Homo sapiens,A549-ATCC,,,,,male,,no,,,,,HITHRU ANALYTICS LLC,SRA724673,,public,C4FA5313521BA9CBEAB5BA36AE22DAC1,20357D4CDF427A1DA2F81F36D4B1359A
SRR7366606,2018-06-19 15:02:21,2018-06-19 14:46:42,44130259,7149101958,44130259,162,3929,GCA_000001405.13,https://sra-downloadb.be-md.ncbi.nlm.nih.gov/sos9/sra-pub-zq-922/SRR007/366/SRR7366606.sralite.1,SRX4239560,ACHN-exome,Targeted-Capture,size fractionation,GENOMIC,PAIRED,0,0,ILLUMINA,Illumina Genome Analyzer IIx,SRP150855,PRJNA474665,2,474665,SRS2985848,SAMN08519385,simple,9606,Homo sapiens,ACHN,,,,,male,,no,,,,,HITHRU ANALYTICS LLC,SRA724673,,public,82FA375CCA60689DC02F7D45BA2A8492,8A9FC7794E54A453A86D7270273CFF7D
SRR7366611,2018-06-19 14:46:13,2018-06-19 14:36:03,19040408,3046465202,19040408,159,2034,GCA_000001405.13,https://sra-downloadb.be-md.ncbi.nlm.nih.gov/sos5/sra-pub-zq-16/SRR007/366/SRR7366611.sralite.1,SRX4239555,BT-549-exome,Targeted-Capture,size fractionation,GENOMIC,PAIRED,0,0,ILLUMINA,Illumina Genome Analyzer IIx,SRP150855,PRJNA474665,2,474665,SRS2985822,SAMN08519334,simple,9606,Homo sapiens,BT-549,,,,,female,,no,,,,,HITHRU ANALYTICS LLC,SRA724673,,public,773A21BC943D4DBB699E426138DAD2F2,EF61A4898A8689AF967B89AE321AEA2A
SRR7366612,2018-06-19 14:38:23,2018-06-19 14:31:51,12177997,1972835433,12177996,161,1553,GCA_000001405.13,https://sra-downloadb.be-md.ncbi.nlm.nih.gov/sos9/sra-pub-zq-922/SRR007/366/SRR7366612.sralite.1,SRX4239554,CAKI-1-exome,Targeted-Capture,size fractionation,GENOMIC,PAIRED,0,0,ILLUMINA,Illumina Genome Analyzer IIx,SRP150855,PRJNA474665,2,474665,SRS2985850,SAMN08519386,simple,9606,Homo sapiens,CAKI-1,,,,,male,,no,,,,,HITHRU ANALYTICS LLC,SRA724673,,public,A665115520D737D09349C782176F9533,1409F1F9FE77180D870484182FBCA10E
SRR7366609,2018-06-19 14:53:12,2018-06-19 14:34:44,34612841,5607280242,34612841,162,3041,GCA_000001405.13,https://sra-downloadb.be-md.ncbi.nlm.nih.gov/sos5/sra-pub-zq-16/SRR007/366/SRR7366609.sralite.1,SRX4239557,CCRF-CEM-exome,Targeted-Capture,size fractionation,GENOMIC,PAIRED,0,0,ILLUMINA,Illumina Genome Analyzer IIx,SRP150855,PRJNA474665,2,474665,SRS2985797,SAMN08519349,simple,9606,Homo sapiens,CCRF-CEM,,,,,female,,no,,,,,HITHRU ANALYTICS LLC,SRA724673,,public,9A99F6F7D582898F6BBDB432F084826E,976CC1877B3A5E75736F917F619C2572
SRR7366613,2018-06-20 17:35:12,2018-06-19 15:00:51,39259035,6359963670,39259035,162,3571,GCA_000001405.13,https://sra-downloadb.be-md.ncbi.nlm.nih.gov/sos9/sra-pub-zq-922/SRR007/366/SRR7366613.sralite.1,SRX4239553,COLO-205-exome,Targeted-Capture,size fractionation,GENOMIC,PAIRED,0,0,ILLUMINA,Illumina Genome Analyzer IIx,SRP150855,PRJNA474665,2,474665,SRS2985805,SAMN08519342,simple,9606,Homo sapiens,COLO-205,,,,,male,,no,,,,,HITHRU ANALYTICS LLC,SRA724673,,public,840EFBD1DFEFD587E26570362E152AD9,A96866FCFCD5B26B99A250F3B44F04A1
SRR7366583,2018-06-19 14:52:14,2018-06-19 14:42:10,12585408,2038836096,12585408,162,1600,GCA_000001405.13,https://sra-downloadb.be-md.ncbi.nlm.nih.gov/sos9/sra-pub-zq-922/SRR007/366/SRR7366583.sralite.1,SRX4239583,DU145-exome,Targeted-Capture,size fractionation,GENOMIC,PAIRED,0,0,ILLUMINA,Illumina Genome Analyzer IIx,SRP150855,PRJNA474665,2,474665,SRS2985795,SAMN08519382,simple,9606,Homo sapiens,DU145,,,,,male,,no,,,,,HITHRU ANALYTICS LLC,SRA724673,,public,6316F240BF4454146CCD3EAEE59413A4,DC1962C7937C507EE082BF76D9CC1A87
SRR7366604,2018-06-20 18:00:21,2018-06-19 14:51:23,105556399,17100136638,105556399,162,8674,GCA_000001405.13,https://sra-downloadb.be-md.ncbi.nlm.nih.gov/sos5/sra-pub-zq-16/SRR007/366/SRR7366604.sralite.1,SRX4239562,EKVX-exome,Targeted-Capture,size fractionation,GENOMIC,PAIRED,0,0,ILLUMINA,Illumina Genome Analyzer IIx,SRP150855,PRJNA474665,2,474665,SRS2985810,SAMN08519366,simple,9606,Homo sapiens,EKVX,,,,,male,,no,,,,,HITHRU ANALYTICS LLC,SRA724673,,public,67F66BF528CD7F8E2CD3A9A8D91DD1BF,4C48C4776920FE016CA16CC1179190F8
SRR7366621,2018-06-19 15:43:12,2018-06-19 14:52:04,48433772,7846271064,48433772,162,4392,GCA_000001405.13,https://sra-downloadb.be-md.ncbi.nlm.nih.gov/sos9/sra-pub-zq-922/SRR007/366/SRR7366621.sralite.1,SRX4239545,HCC2998-exome,Targeted-Capture,size fractionation,GENOMIC,PAIRED,0,0,ILLUMINA,Illumina Genome Analyzer IIx,SRP150855,PRJNA474665,2,474665,SRS2985804,SAMN08519343,simple,9606,Homo sapiens,HCC2998,,,,,missing,,no,,,,,HITHRU ANALYTICS LLC,SRA724673,,public,6C0C255344677B05430D651C0480F636,6F8EDF1D320B603F32C025A2E12FBC47
SRR7366622,2018-06-19 14:49:13,2018-06-19 14:36:03,21558745,3492516690,21558745,162,1908,GCA_000001405.13,https://sra-downloadb.be-md.ncbi.nlm.nih.gov/sos9/sra-pub-zq-922/SRR007/366/SRR7366622.sralite.1,SRX4239544,HCT-116-exome,Targeted-Capture,size fractionation,GENOMIC,PAIRED,0,0,ILLUMINA,Illumina Genome Analyzer IIx,SRP150855,PRJNA474665,2,474665,SRS2985807,SAMN08519344,simple,9606,Homo sapiens,HCT-116,,,,,male,,no,,,,,HITHRU ANALYTICS LLC,SRA724673,,public,09CB5402B418491F6150F39D156AAA17,B68A4CCF33F4D2121E8648B7D6E91DB5
SRR7366619,2018-06-19 14:43:12,2018-06-19 14:34:52,23691759,3838064958,23691759,162,2279,GCA_000001405.13,https://sra-downloadb.be-md.ncbi.nlm.nih.gov/sos9/sra-pub-zq-922/SRR007/366/SRR7366619.sralite.1,SRX4239547,HCT-15-exome,Targeted-Capture,size fractionation,GENOMIC,PAIRED,0,0,ILLUMINA,Illumina Genome Analyzer IIx,SRP150855,PRJNA474665,2,474665,SRS2985800,SAMN08519345,simple,9606,Homo sapiens,HCT-15,,,,,missing,,no,,,,,HITHRU ANALYTICS LLC,SRA724673,,public,2A6D575BED5EDF5643C06E0E2E12A69C,78B6BACF94AC0ABF0F9BB86ECF1121A9
SRR7366620,2018-06-19 15:21:18,2018-06-19 15:08:59,33491897,5425687314,33491897,162,2929,GCA_000001405.13,https://sra-downloadb.be-md.ncbi.nlm.nih.gov/sos9/sra-pub-zq-922/SRR007/366/SRR7366620.sralite.1,SRX4239546,HL-60-exome,Targeted-Capture,size fractionation,GENOMIC,PAIRED,0,0,ILLUMINA,Illumina Genome Analyzer IIx,SRP150855,PRJNA474665,2,474665,SRS2985796,SAMN08519350,simple,9606,Homo sapiens,HL-60,,,,,female,,no,,,,,HITHRU ANALYTICS LLC,SRA724673,,public,46B6688E5E048DB40FC0AF67AD586C98,728B4DE879E115422F45FD4F665910FF
SRR7366625,2018-06-19 16:11:12,2018-06-19 15:58:46,41187380,7149321640,41187380,173,3778,GCA_000001405.13,https://sra-downloadb.be-md.ncbi.nlm.nih.gov/sos5/sra-pub-zq-14/SRR007/366/SRR7366625.sralite.1,SRX4239541,HOP-62-exome,Targeted-Capture,size fractionation,GENOMIC,PAIRED,0,0,ILLUMINA,Illumina Genome Analyzer IIx,SRP150855,PRJNA474665,2,474665,SRS2985808,SAMN08519367,simple,9606,Homo sapiens,HOP-62,,,,,female,,no,,,,,HITHRU ANALYTICS LLC,SRA724673,,public,AD5CBF545C14E43D4316FAA45BD74AEB,169D3E92EAA2CEF2D59B4444C518FEB5
SRR7366626,2018-06-19 14:54:12,2018-06-19 14:37:26,22163806,3590536572,22163806,162,1919,GCA_000001405.13,https://sra-downloadb.be-md.ncbi.nlm.nih.gov/sos5/sra-pub-zq-14/SRR007/366/SRR7366626.sralite.1,SRX4239540,HOP-92-exome,Targeted-Capture,size fractionation,GENOMIC,PAIRED,0,0,ILLUMINA,Illumina Genome Analyzer IIx,SRP150855,PRJNA474665,2,474665,SRS2985811,SAMN08519368,simple,9606,Homo sapiens,HOP-92,,,,,male,,no,,,,,HITHRU ANALYTICS LLC,SRA724673,,public,9F3DF75E17475EE1C85A4757B7DA31E3,3F72D70E8B4994D5DEA7CF763D998BAE
SRR7366624,2018-06-20 18:31:22,2018-06-19 14:51:32,103687887,24377581566,103687887,235,12980,GCA_000001405.13,https://sra-downloadb.be-md.ncbi.nlm.nih.gov/sos9/sra-pub-zq-922/SRR007/366/SRR7366624.sralite.1,SRX4239542,HT29-exome,Targeted-Capture,size fractionation,GENOMIC,PAIRED,0,0,ILLUMINA,Illumina Genome Analyzer IIx,SRP150855,PRJNA474665,2,474665,SRS2985801,SAMN08519346,simple,9606,Homo sapiens,HT29,,,,,female,,no,,,,,HITHRU ANALYTICS LLC,SRA724673,,public,81B3A44568CD068627DD42178FC256FD,2B24CA5C5DC33D8E8CAE4E88768CA530
SRR7366623,2018-06-20 19:27:21,2018-06-19 15:55:21,67803260,17772628960,67803260,262,10648,GCA_000001405.13,https://sra-downloadb.be-md.ncbi.nlm.nih.gov/sos5/sra-pub-zq-16/SRR007/366/SRR7366623.sralite.1,SRX4239543,Hs_578T-exome,Targeted-Capture,size fractionation,GENOMIC,PAIRED,0,0,ILLUMINA,Illumina Genome Analyzer IIx,SRP150855,PRJNA474665,2,474665,SRS2985821,SAMN08519333,simple,9606,Homo sapiens,Hs_578T,,,,,female,,no,,,,,HITHRU ANALYTICS LLC,SRA724673,,public,186F380E7C75A46DDD1F205B1190F319,2DEB854170BD318302C0461C46BA9859
SRR7366615,2018-06-19 14:49:13,2018-06-19 14:40:43,13019126,2109098412,13019126,162,1639,GCA_000001405.13,https://sra-downloadb.be-md.ncbi.nlm.nih.gov/sos5/sra-pub-zq-14/SRR007/366/SRR7366615.sralite.1,SRX4239551,IGR-OV1-exome,Targeted-Capture,size fractionation,GENOMIC,PAIRED,0,0,ILLUMINA,Illumina Genome Analyzer IIx,SRP150855,PRJNA474665,2,474665,SRS2985831,SAMN08519374,simple,9606,Homo sapiens,IGR-OV1,,,,,female,,no,,,,,HITHRU ANALYTICS LLC,SRA724673,,public,0F562C4547F740825B237F4EFED77B43,5FBBB8845439BA5402A6AEAC5CF9C80C
SRR7366616,2018-06-19 15:00:13,2018-06-19 14:36:53,36569253,5924218986,36569253,162,3185,GCA_000001405.13,https://sra-downloadb.be-md.ncbi.nlm.nih.gov/sos5/sra-pub-zq-14/SRR007/366/SRR7366616.sralite.1,SRX4239550,K562-exome,Targeted-Capture,size fractionation,GENOMIC,PAIRED,0,0,ILLUMINA,Illumina Genome Analyzer IIx,SRP150855,PRJNA474665,2,474665,SRS2985841,SAMN08519351,simple,9606,Homo sapiens,K562,,,,,female,,no,,,,,HITHRU ANALYTICS LLC,SRA724673,,public,CF20D5911AB6FB88F5A9B6D248496B25,591FBACF2AF216DF0D0C33279C9DC89E
SRR7366594,2018-06-19 14:50:29,2018-06-19 14:30:22,27804813,4475376246,27804813,160,3059,GCA_000001405.13,https://sra-downloadb.be-md.ncbi.nlm.nih.gov/sos9/sra-pub-zq-922/SRR007/366/SRR7366594.sralite.1,SRX4239572,KM12-exome,Targeted-Capture,size fractionation,GENOMIC,PAIRED,0,0,ILLUMINA,Illumina Genome Analyzer IIx,SRP150855,PRJNA474665,2,474665,SRS2985803,SAMN08519347,simple,9606,Homo sapiens,KM12,,,,,missing,,no,,,,,HITHRU ANALYTICS LLC,SRA724673,,public,70D0B234C3A106A1992B06F5C728783B,73C5D6B9F0D8DA09B11AF6746E220DF9
SRR7366593,2018-06-19 14:38:23,2018-06-19 14:28:48,20885590,4218889180,20885590,202,1937,GCA_000001405.13,https://sra-downloadb.be-md.ncbi.nlm.nih.gov/sos9/sra-pub-zq-922/SRR007/366/SRR7366593.sralite.1,SRX4239573,LOX_IMVI-exome,Targeted-Capture,size fractionation,GENOMIC,PAIRED,0,0,ILLUMINA,Illumina Genome Analyzer IIx,SRP150855,PRJNA474665,2,474665,SRS2985837,SAMN08519355,simple,9606,Homo sapiens,LOX_IMVI,,,,,male,,no,,,,,HITHRU ANALYTICS LLC,SRA724673,,public,967EDAF807120B91051F60714C96C813,CCC843F8D42256D89774EFE58AC9FD63
SRR7366592,2018-06-20 18:02:21,2018-06-19 14:58:02,48140685,11910766650,48140685,247,7211,GCA_000001405.13,https://sra-downloadb.be-md.ncbi.nlm.nih.gov/sos5/sra-pub-zq-14/SRR007/366/SRR7366592.sralite.1,SRX4239574,M14-exome,Targeted-Capture,size fractionation,GENOMIC,PAIRED,0,0,ILLUMINA,Illumina Genome Analyzer IIx,SRP150855,PRJNA474665,2,474665,SRS2985840,SAMN08519357,simple,9606,Homo sapiens,M14,,,,,missing,,no,,,,,HITHRU ANALYTICS LLC,SRA724673,,public,F875C3C28FC99A424E3CC56008393E1F,1483708CA480FF8B5430D9FA4607C567
SRR7366591,2018-06-19 14:50:29,2018-06-19 14:34:33,42692230,6887151912,42692230,161,4172,GCA_000001405.13,https://sra-downloadb.be-md.ncbi.nlm.nih.gov/sos5/sra-pub-zq-16/SRR007/366/SRR7366591.sralite.1,SRX4239575,MALME-3M-exome,Targeted-Capture,size fractionation,GENOMIC,PAIRED,0,0,ILLUMINA,Illumina Genome Analyzer IIx,SRP150855,PRJNA474665,2,474665,SRS2985838,SAMN08519356,simple,9606,Homo sapiens,MALME-3M,,,,,male,,no,,,,,HITHRU ANALYTICS LLC,SRA724673,,public,DFCF17FDE29F4DEC6678E36E18E0B4DD,5CB74BB95A3B7C77E9D13DE3FA228B0B
SRR7366598,2018-06-20 18:31:22,2018-06-19 14:44:00,74134902,19400157600,74134902,261,11568,GCA_000001405.13,https://sra-downloadb.be-md.ncbi.nlm.nih.gov/sos9/sra-pub-zq-922/SRR007/366/SRR7366598.sralite.1,SRX4239568,MCF7-exome,Targeted-Capture,size fractionation,GENOMIC,PAIRED,0,0,ILLUMINA,Illumina Genome Analyzer IIx,SRP150855,PRJNA474665,2,474665,SRS2985824,SAMN08519331,simple,9606,Homo sapiens,MCF7,,,,,female,,no,,,,,HITHRU ANALYTICS LLC,SRA724673,,public,2937974477901632554F3CADACD01229,A1E94B3DD8DDDD7FE9313165CC130DB0
SRR7366597,2018-06-20 16:58:13,2018-06-19 14:38:02,31739537,2596976917,10707900,81,2149,GCA_000001405.13,https://sra-downloadb.be-md.ncbi.nlm.nih.gov/sos5/sra-pub-zq-14/SRR007/366/SRR7366597.sralite.1,SRX4239569,MDA-MB-231-exome,Targeted-Capture,size fractionation,GENOMIC,PAIRED,0,0,ILLUMINA,Illumina Genome Analyzer IIx,SRP150855,PRJNA474665,2,474665,SRS2985823,SAMN08519332,simple,9606,Homo sapiens,MDA-MB-231,,,,,female,,no,,,,,HITHRU ANALYTICS LLC,SRA724673,,public,927C5915FE5C7D9637F89F6703BE93B9,0E98703690D7AE4D17B4721B16A11B7D
SRR7366596,2018-06-19 14:55:19,2018-06-19 14:32:45,36998392,5993739504,36998392,162,3150,GCA_000001405.13,https://sra-downloadb.be-md.ncbi.nlm.nih.gov/sos9/sra-pub-zq-922/SRR007/366/SRR7366596.sralite.1,SRX4239570,MDA-MB-435-exome,Targeted-Capture,size fractionation,GENOMIC,PAIRED,0,0,ILLUMINA,Illumina Genome Analyzer IIx,SRP150855,PRJNA474665,2,474665,SRS2985812,SAMN08519363,simple,9606,Homo sapiens,MDA-MB-435,,,,,female,,no,,,,,HITHRU ANALYTICS LLC,SRA724673,,public,83A34CB7A69A4701F20EDBBBF8928A4F,653C79BDB9B15C0C96463B0C81B72DA3
SRR7366595,2018-06-20 17:42:20,2018-06-19 14:42:06,83204209,9729506028,52215979,116,6245,GCA_000001405.13,https://sra-downloadb.be-md.ncbi.nlm.nih.gov/sos9/sra-pub-zq-922/SRR007/366/SRR7366595.sralite.1,SRX4239571,MDA-N-exome,Targeted-Capture,size fractionation,GENOMIC,PAIRED,0,0,ILLUMINA,Illumina Genome Analyzer IIx,SRP150855,PRJNA474665,2,474665,SRS2985813,SAMN08519364,simple,9606,Homo sapiens,MDA-N,,,,,female,,no,,,,,HITHRU ANALYTICS LLC,SRA724673,,public,49F0447B6473A3F3843A0FA54F6A32DC,846663B80424A97F369FA366A4681F74
SRR7366600,2018-06-19 15:02:21,2018-06-19 14:36:12,44396408,7192218096,44396408,162,4030,GCA_000001405.13,https://sra-downloadb.be-md.ncbi.nlm.nih.gov/sos5/sra-pub-zq-14/SRR007/366/SRR7366600.sralite.1,SRX4239566,MOLT-4-exome,Targeted-Capture,size fractionation,GENOMIC,PAIRED,0,0,ILLUMINA,Illumina Genome Analyzer IIx,SRP150855,PRJNA474665,2,474665,SRS2985842,SAMN08519352,simple,9606,Homo sapiens,MOLT-4,,,,,male,,no,,,,,HITHRU ANALYTICS LLC,SRA724673,,public,1B3BC2505412937F4BC954794CC18D12,3FE626C53E76727FA906DE416884D127
SRR7366599,2018-06-19 14:44:16,2018-06-19 14:32:17,25759439,4173029118,25759439,162,2979,GCA_000001405.13,https://sra-downloadb.be-md.ncbi.nlm.nih.gov/sos9/sra-pub-zq-922/SRR007/366/SRR7366599.sralite.1,SRX4239567,NCI-ADR-RES-exome,Targeted-Capture,size fractionation,GENOMIC,PAIRED,0,0,ILLUMINA,Illumina Genome Analyzer IIx,SRP150855,PRJNA474665,2,474665,SRS2985835,SAMN08519380,simple,9606,Homo sapiens,NCI-ADR-RES,,,,,female,,no,,,,,HITHRU ANALYTICS LLC,SRA724673,,public,613D8742B3BCAA5494CB27D59E6EB24B,C7208803112B042CC4C61621D04B2EED
SRR7366582,2018-06-19 14:54:12,2018-06-19 14:28:58,25975105,4207967010,25975105,162,2974,GCA_000001405.13,https://sra-downloadb.be-md.ncbi.nlm.nih.gov/sos9/sra-pub-zq-922/SRR007/366/SRR7366582.sralite.1,SRX4239584,NCI-H226-exome,Targeted-Capture,size fractionation,GENOMIC,PAIRED,0,0,ILLUMINA,Illumina Genome Analyzer IIx,SRP150855,PRJNA474665,2,474665,SRS2985815,SAMN08519369,simple,9606,Homo sapiens,NCI-H226,,,,,male,,no,,,,,HITHRU ANALYTICS LLC,SRA724673,,public,A3E82E76893145ECCAC9AE3708B02CA5,295C06B05A9287E31287A1E0204A1EAD
SRR7366584,2018-06-19 14:38:23,2018-06-19 14:31:41,12762828,2578091256,12762828,202,1478,GCA_000001405.13,https://sra-downloadb.be-md.ncbi.nlm.nih.gov/sos9/sra-pub-zq-922/SRR007/366/SRR7366584.sralite.1,SRX4239582,NCI-H23-exome,Targeted-Capture,size fractionation,GENOMIC,PAIRED,0,0,ILLUMINA,Illumina Genome Analyzer IIx,SRP150855,PRJNA474665,2,474665,SRS2985816,SAMN08519370,simple,9606,Homo sapiens,NCI-H23,,,,,male,,no,,,,,HITHRU ANALYTICS LLC,SRA724673,,public,FABE6374D2A3B32491BD4771A407DD9B,3DF2E8C302A7F4FC6812CC97DC803D2D
SRR7366586,2018-06-19 14:41:14,2018-06-19 14:31:54,12594628,2040329736,12594628,162,1467,GCA_000001405.13,https://sra-downloadb.be-md.ncbi.nlm.nih.gov/sos9/sra-pub-zq-922/SRR007/366/SRR7366586.sralite.1,SRX4239580,NCI-H322M-exome,Targeted-Capture,size fractionation,GENOMIC,PAIRED,0,0,ILLUMINA,Illumina Genome Analyzer IIx,SRP150855,PRJNA474665,2,474665,SRS2985834,SAMN08519371,simple,9606,Homo sapiens,NCI-H322M,,,,,male,,no,,,,,HITHRU ANALYTICS LLC,SRA724673,,public,37F22214728CEED51D6BA03A13028B02,6829ACDBB1E2A8E05110275449FA493D
SRR7366587,2018-06-19 14:50:29,2018-06-19 14:32:46,39329276,6345426602,39329276,161,3255,GCA_000001405.13,https://sra-downloadb.be-md.ncbi.nlm.nih.gov/sos9/sra-pub-zq-922/SRR007/366/SRR7366587.sralite.1,SRX4239579,NCI-H460-exome,Targeted-Capture,size fractionation,GENOMIC,PAIRED,0,0,ILLUMINA,Illumina Genome Analyzer IIx,SRP150855,PRJNA474665,2,474665,SRS2985833,SAMN08519372,simple,9606,Homo sapiens,NCI-H460,,,,,male,,no,,,,,HITHRU ANALYTICS LLC,SRA724673,,public,7A19ABCBD3D122FB5DA61C716EC0AA62,B70A8DEE40554E93869A327663CDCAFB
SRR7366631,2018-06-20 17:02:17,2018-06-19 14:40:27,18460142,2990543004,18460142,162,1733,GCA_000001405.13,https://sra-downloadb.be-md.ncbi.nlm.nih.gov/sos9/sra-pub-zq-922/SRR007/366/SRR7366631.sralite.1,SRX4239535,NCI-H522-exome,Targeted-Capture,size fractionation,GENOMIC,PAIRED,0,0,ILLUMINA,Illumina Genome Analyzer IIx,SRP150855,PRJNA474665,2,474665,SRS2985832,SAMN08519373,simple,9606,Homo sapiens,NCI-H522,,,,,male,,no,,,,,HITHRU ANALYTICS LLC,SRA724673,,public,77F149BDF99BCC5282952D658B4E0C2C,2A9DF4E0064BCFA04E2152A420E39E39
SRR7366635,2018-06-19 15:08:12,2018-06-19 14:57:11,33359009,5404159458,33359009,162,2815,GCA_000001405.13,https://sra-downloadb.be-md.ncbi.nlm.nih.gov/sos5/sra-pub-zq-14/SRR007/366/SRR7366635.sralite.1,SRX4239531,OVCAR-3-exome,Targeted-Capture,size fractionation,GENOMIC,PAIRED,0,0,ILLUMINA,Illumina Genome Analyzer IIx,SRP150855,PRJNA474665,2,474665,SRS2985830,SAMN08519375,simple,9606,Homo sapiens,OVCAR-3,,,,,female,,no,,,,,HITHRU ANALYTICS LLC,SRA724673,,public,F2873DFBD3E0DC49BEFCF009068A2255,2156A523F646FE9FEF8256B89600D43E
SRR7366578,2018-06-19 16:05:12,2018-06-19 15:26:03,83510926,13498828196,83510926,161,7530,GCA_000001405.13,https://sra-downloadb.be-md.ncbi.nlm.nih.gov/sos9/sra-pub-zq-922/SRR007/366/SRR7366578.sralite.1,SRX4239588,OVCAR-4-exome,Targeted-Capture,size fractionation,GENOMIC,PAIRED,0,0,ILLUMINA,Illumina Genome Analyzer IIx,SRP150855,PRJNA474665,2,474665,SRS2985829,SAMN08519376,simple,9606,Homo sapiens,OVCAR-4,,,,,female,,no,,,,,HITHRU ANALYTICS LLC,SRA724673,,public,397353DA854B52F6E5C2AE1221205ABA,76B3A6B2E9072976CF257C2814B06D24
SRR7366581,2018-06-19 14:57:11,2018-06-19 14:31:09,41740469,6736050138,41740469,161,3461,GCA_000001405.13,https://sra-downloadb.be-md.ncbi.nlm.nih.gov/sos5/sra-pub-zq-16/SRR007/366/SRR7366581.sralite.1,SRX4239585,OVCAR-5-exome,Targeted-Capture,size fractionation,GENOMIC,PAIRED,0,0,ILLUMINA,Illumina Genome Analyzer IIx,SRP150855,PRJNA474665,2,474665,SRS2985827,SAMN08519377,simple,9606,Homo sapiens,OVCAR-5,,,,,female,,no,,,,,HITHRU ANALYTICS LLC,SRA724673,,public,7F6F7C757CAA95AD66E4145764803112,70DC817808A2034D7891194DC9472580
SRR7366617,2018-06-19 14:43:13,2018-06-19 14:36:01,12117610,1963052820,12117610,162,1555,GCA_000001405.13,https://sra-downloadb.be-md.ncbi.nlm.nih.gov/sos9/sra-pub-zq-922/SRR007/366/SRR7366617.sralite.1,SRX4239549,OVCAR-8-exome,Targeted-Capture,size fractionation,GENOMIC,PAIRED,0,0,ILLUMINA,Illumina Genome Analyzer IIx,SRP150855,PRJNA474665,2,474665,SRS2985828,SAMN08519378,simple,9606,Homo sapiens,OVCAR-8,,,,,female,,no,,,,,HITHRU ANALYTICS LLC,SRA724673,,public,D857ED5F737DC639AB16EAB464AC944A,0242D4AE20FA651B331B57962F42AC6A
SRR7366618,2018-06-19 15:04:12,2018-06-19 14:39:33,29878489,4840315174,29878489,161,2881,GCA_000001405.13,https://sra-downloadb.be-md.ncbi.nlm.nih.gov/sos9/sra-pub-zq-922/SRR007/366/SRR7366618.sralite.1,SRX4239548,PC-3-exome,Targeted-Capture,size fractionation,GENOMIC,PAIRED,0,0,ILLUMINA,Illumina Genome Analyzer IIx,SRP150855,PRJNA474665,2,474665,SRS2985793,SAMN08519381,simple,9606,Homo sapiens,PC-3,,,,,male,,no,,,,,HITHRU ANALYTICS LLC,SRA724673,,public,6F6E926666126A385BC264404EB41C68,F5DEF8BB4FFF1607E1FF2358107648F7
SRR7366603,2018-06-19 14:49:13,2018-06-19 14:40:51,21379117,3463416954,21379117,162,1868,GCA_000001405.13,https://sra-downloadb.be-md.ncbi.nlm.nih.gov/sos5/sra-pub-zq-14/SRR007/366/SRR7366603.sralite.1,SRX4239563,RPMI-8226-exome,Targeted-Capture,size fractionation,GENOMIC,PAIRED,0,0,ILLUMINA,Illumina Genome Analyzer IIx,SRP150855,PRJNA474665,2,474665,SRS2985844,SAMN08519353,simple,9606,Homo sapiens,RPMI-8226,,,,,male,,no,,,,,HITHRU ANALYTICS LLC,SRA724673,,public,F15A837D8BE9E0AD71FCC870F6BC25CD,D9F0689C215C7A7B001A7504A1B66BB3
SRR7366601,2018-06-19 15:05:13,2018-06-19 14:43:56,39624993,6395885012,39624992,161,3958,GCA_000001405.13,https://sra-downloadb.be-md.ncbi.nlm.nih.gov/sos9/sra-pub-zq-922/SRR007/366/SRR7366601.sralite.1,SRX4239565,RXF-393-exome,Targeted-Capture,size fractionation,GENOMIC,PAIRED,0,0,ILLUMINA,Illumina Genome Analyzer IIx,SRP150855,PRJNA474665,2,474665,SRS2985851,SAMN08519387,simple,9606,Homo sapiens,RXF-393,,,,,male,,no,,,,,HITHRU ANALYTICS LLC,SRA724673,,public,18EA984987BAA3A27890644AD1A3ABB0,6DFE3D940D1B56ACA3E96DF41A0CC168
SRR7366585,2018-06-19 15:22:19,2018-06-19 14:32:50,45328822,7343269164,45328822,162,4127,GCA_000001405.13,https://sra-downloadb.be-md.ncbi.nlm.nih.gov/sos5/sra-pub-zq-16/SRR007/366/SRR7366585.sralite.1,SRX4239581,SF-268-exome,Targeted-Capture,size fractionation,GENOMIC,PAIRED,0,0,ILLUMINA,Illumina Genome Analyzer IIx,SRP150855,PRJNA474665,2,474665,SRS2985820,SAMN08519336,simple,9606,Homo sapiens,SF-268,,,,,female,,no,,,,,HITHRU ANALYTICS LLC,SRA724673,,public,CB0505C574C68C93B5903149B48A3E99,179D30233E98AE02F69B9E09FBD62325
SRR7366610,2018-06-19 14:42:12,2018-06-19 14:34:01,12582906,2013264880,12582905,159,1339,GCA_000001405.13,https://sra-downloadb.be-md.ncbi.nlm.nih.gov/sos5/sra-pub-zq-14/SRR007/366/SRR7366610.sralite.1,SRX4239556,SF-295-exome,Targeted-Capture,size fractionation,GENOMIC,PAIRED,0,0,ILLUMINA,Illumina Genome Analyzer IIx,SRP150855,PRJNA474665,2,474665,SRS2985817,SAMN08519337,simple,9606,Homo sapiens,SF-295,,,,,female,,no,,,,,HITHRU ANALYTICS LLC,SRA724673,,public,42F38627A2E3AE1E90CF909CAB709C3C,332D5F8124CF9D09D49F3F73660AE0A2
SRR7366590,2018-06-19 14:59:12,2018-06-19 14:37:01,35359154,5728182948,35359154,162,3197,GCA_000001405.13,https://sra-downloadb.be-md.ncbi.nlm.nih.gov/sos5/sra-pub-zq-14/SRR007/366/SRR7366590.sralite.1,SRX4239576,SF-539-exome,Targeted-Capture,size fractionation,GENOMIC,PAIRED,0,0,ILLUMINA,Illumina Genome Analyzer IIx,SRP150855,PRJNA474665,2,474665,SRS2985818,SAMN08519338,simple,9606,Homo sapiens,SF-539,,,,,female,,no,,,,,HITHRU ANALYTICS LLC,SRA724673,,public,3DCD565729828B9EFDD6AE9750C08B4B,DA2310BBBF377F3FE790CFA48BD61D58
SRR7366589,2018-06-19 15:07:11,2018-06-19 14:32:16,44419739,7195997718,44419739,162,4007,GCA_000001405.13,https://sra-downloadb.be-md.ncbi.nlm.nih.gov/sos9/sra-pub-zq-922/SRR007/366/SRR7366589.sralite.1,SRX4239577,SK-MEL-2-exome,Targeted-Capture,size fractionation,GENOMIC,PAIRED,0,0,ILLUMINA,Illumina Genome Analyzer IIx,SRP150855,PRJNA474665,2,474665,SRS2985839,SAMN08519358,simple,9606,Homo sapiens,SK-MEL-2,,,,,male,,no,,,,,HITHRU ANALYTICS LLC,SRA724673,,public,391A8A7A8DF0F1F432BE45B4C38AB4CF,E864E60FAB7ACAA97E41F413B023EBC4
SRR7366630,2018-06-19 14:57:11,2018-06-19 14:49:52,22715929,3679980498,22715929,162,1990,GCA_000001405.13,https://sra-downloadb.be-md.ncbi.nlm.nih.gov/sos9/sra-pub-zq-922/SRR007/366/SRR7366630.sralite.1,SRX4239536,SK-MEL-28-exome,Targeted-Capture,size fractionation,GENOMIC,PAIRED,0,0,ILLUMINA,Illumina Genome Analyzer IIx,SRP150855,PRJNA474665,2,474665,SRS2985846,SAMN08519359,simple,9606,Homo sapiens,SK-MEL-28,,,,,male,,no,,,,,HITHRU ANALYTICS LLC,SRA724673,,public,F1924080A838FB940B73ACE5E2EC852A,A90E351A558AE8788BD431A07159E724
SRR7366614,2018-06-19 14:55:18,2018-06-19 14:35:35,24753438,4010056956,24753438,162,2912,GCA_000001405.13,https://sra-downloadb.be-md.ncbi.nlm.nih.gov/sos5/sra-pub-zq-14/SRR007/366/SRR7366614.sralite.1,SRX4239552,SK-MEL-5-exome,Targeted-Capture,size fractionation,GENOMIC,PAIRED,0,0,ILLUMINA,Illumina Genome Analyzer IIx,SRP150855,PRJNA474665,2,474665,SRS2985845,SAMN08519360,simple,9606,Homo sapiens,SK-MEL-5,,,,,female,,no,,,,,HITHRU ANALYTICS LLC,SRA724673,,public,1C8FC1758562926557D805F45C3AF39C,6AD086312F25FA805FC574373004A03A
SRR7366602,2018-06-19 14:59:12,2018-06-19 14:38:08,25084932,4063758984,25084932,162,2898,GCA_000001405.13,https://sra-downloadb.be-md.ncbi.nlm.nih.gov/sos5/sra-pub-zq-14/SRR007/366/SRR7366602.sralite.1,SRX4239564,SK-OV-3-exome,Targeted-Capture,size fractionation,GENOMIC,PAIRED,0,0,ILLUMINA,Illumina Genome Analyzer IIx,SRP150855,PRJNA474665,2,474665,SRS2985836,SAMN08519379,simple,9606,Homo sapiens,SK-OV-3,,,,,female,,no,,,,,HITHRU ANALYTICS LLC,SRA724673,,public,B5F8B379F3604D91404EAE618E3EFCD5,0F3FEDC387A936A3BD4B83D97CE54C35
SRR7366579,2018-06-19 14:38:24,2018-06-19 14:28:38,14075684,2252109360,14075683,159,1404,GCA_000001405.13,https://sra-downloadb.be-md.ncbi.nlm.nih.gov/sos5/sra-pub-zq-14/SRR007/366/SRR7366579.sralite.1,SRX4239587,SN12C-exome,Targeted-Capture,size fractionation,GENOMIC,PAIRED,0,0,ILLUMINA,Illumina Genome Analyzer IIx,SRP150855,PRJNA474665,2,474665,SRS2985799,SAMN08519388,simple,9606,Homo sapiens,SN12C,,,,,male,,no,,,,,HITHRU ANALYTICS LLC,SRA724673,,public,89D6027CE6885896A10E73F759B98D5F,34E62177AC53653AD573C0389A5841B1
SRR7366633,2018-06-19 14:57:11,2018-06-19 14:46:34,20476583,3317206446,20476583,162,2489,GCA_000001405.13,https://sra-downloadb.be-md.ncbi.nlm.nih.gov/sos9/sra-pub-zq-922/SRR007/366/SRR7366633.sralite.1,SRX4239533,SNB-19-exome,Targeted-Capture,size fractionation,GENOMIC,PAIRED,0,0,ILLUMINA,Illumina Genome Analyzer IIx,SRP150855,PRJNA474665,2,474665,SRS2985825,SAMN08519339,simple,9606,Homo sapiens,SNB-19,,,,,male,,no,,,,,HITHRU ANALYTICS LLC,SRA724673,,public,B974DBBE1A7044D53ACA06E84EB88A0F,DF1A54E715E28CE37CFDC95D9185D467
SRR7366634,2018-06-19 14:50:29,2018-06-19 14:35:59,19243210,3117400020,19243210,162,2378,GCA_000001405.13,https://sra-downloadb.be-md.ncbi.nlm.nih.gov/sos5/sra-pub-zq-16/SRR007/366/SRR7366634.sralite.1,SRX4239532,SNB-75-exome,Targeted-Capture,size fractionation,GENOMIC,PAIRED,0,0,ILLUMINA,Illumina Genome Analyzer IIx,SRP150855,PRJNA474665,2,474665,SRS2985826,SAMN08519340,simple,9606,Homo sapiens,SNB-75,,,,,female,,no,,,,,HITHRU ANALYTICS LLC,SRA724673,,public,8F24C30A380AC8870642B901D97F728C,979AB85DDFAD3D0FDF8D11351EF7F990
SRR7366588,2018-06-19 14:38:23,2018-06-19 14:30:12,21308700,3452009400,21308700,162,1899,GCA_000001405.13,https://sra-downloadb.be-md.ncbi.nlm.nih.gov/sos5/sra-pub-zq-16/SRR007/366/SRR7366588.sralite.1,SRX4239578,SR-exome,Targeted-Capture,size fractionation,GENOMIC,PAIRED,0,0,ILLUMINA,Illumina Genome Analyzer IIx,SRP150855,PRJNA474665,2,474665,SRS2985843,SAMN08519354,simple,9606,Homo sapiens,SR,,,,,male,,no,,,,,HITHRU ANALYTICS LLC,SRA724673,,public,CAD1599D4E24C1CB1D99E82649BD1822,971157667EAAD9CB7986CD9EB6A22983
SRR7366632,2018-06-19 14:41:14,2018-06-19 14:34:42,12716222,2568676844,12716222,202,1549,GCA_000001405.13,https://sra-downloadb.be-md.ncbi.nlm.nih.gov/sos5/sra-pub-zq-14/SRR007/366/SRR7366632.sralite.1,SRX4239534,SW-620-exome,Targeted-Capture,size fractionation,GENOMIC,PAIRED,0,0,ILLUMINA,Illumina Genome Analyzer IIx,SRP150855,PRJNA474665,2,474665,SRS2985802,SAMN08519348,simple,9606,Homo sapiens,SW-620,,,,,male,,no,,,,,HITHRU ANALYTICS LLC,SRA724673,,public,25784E637E0511B5BFB23683B4526895,4394D134702C7025F3ADA74DE7EBB33D
SRR7366629,2018-06-20 18:28:14,2018-06-19 14:53:05,69135212,18066071560,69135212,261,10763,GCA_000001405.13,https://sra-downloadb.be-md.ncbi.nlm.nih.gov/sos9/sra-pub-zq-922/SRR007/366/SRR7366629.sralite.1,SRX4239537,T-47D-exome,Targeted-Capture,size fractionation,GENOMIC,PAIRED,0,0,ILLUMINA,Illumina Genome Analyzer IIx,SRP150855,PRJNA474665,2,474665,SRS2985819,SAMN08519335,simple,9606,Homo sapiens,T-47D,,,,,female,,no,,,,,HITHRU ANALYTICS LLC,SRA724673,,public,8829910BC678DE4D862C0E79AADCE1C6,23F0616AF87AC6171B902F1810103415
SRR7366580,2018-06-19 15:16:19,2018-06-19 14:41:49,71690459,8118472303,42803004,113,4438,GCA_000001405.13,https://sra-downloadb.be-md.ncbi.nlm.nih.gov/sos9/sra-pub-zq-922/SRR007/366/SRR7366580.sralite.1,SRX4239586,TK-10-exome,Targeted-Capture,size fractionation,GENOMIC,PAIRED,0,0,ILLUMINA,Illumina Genome Analyzer IIx,SRP150855,PRJNA474665,2,474665,SRS2985849,SAMN08519389,simple,9606,Homo sapiens,TK-10,,,,,male,,no,,,,,HITHRU ANALYTICS LLC,SRA724673,,public,0CF1217C05F5B0639403ED853AB4AC61,E0C36517A75403655EC7F1DFEC7732C1
SRR7366627,2018-06-19 16:28:12,2018-06-19 14:57:19,92979467,15062673654,92979467,162,8125,GCA_000001405.13,https://sra-downloadb.be-md.ncbi.nlm.nih.gov/sos5/sra-pub-zq-14/SRR007/366/SRR7366627.sralite.1,SRX4239539,U251-exome,Targeted-Capture,size fractionation,GENOMIC,PAIRED,0,0,ILLUMINA,Illumina Genome Analyzer IIx,SRP150855,PRJNA474665,2,474665,SRS2985806,SAMN08519341,simple,9606,Homo sapiens,U251,,,,,male,,no,,,,,HITHRU ANALYTICS LLC,SRA724673,,public,927203857266CAFEFA4F7F3BF048195B,4DF4AA8F261549A7958FDAD4F413CACB
SRR7366628,2018-06-19 14:41:14,2018-06-19 14:35:09,12545123,2534114846,12545123,202,1477,GCA_000001405.13,https://sra-downloadb.be-md.ncbi.nlm.nih.gov/sos5/sra-pub-zq-14/SRR007/366/SRR7366628.sralite.1,SRX4239538,UACC-257-exome,Targeted-Capture,size fractionation,GENOMIC,PAIRED,0,0,ILLUMINA,Illumina Genome Analyzer IIx,SRP150855,PRJNA474665,2,474665,SRS2985852,SAMN08519361,simple,9606,Homo sapiens,UACC-257,,,,,missing,,no,,,,,HITHRU ANALYTICS LLC,SRA724673,,public,0D57A5E3E576B848A9A129C0EB26B5DB,8D5D58D8A159A008423F53C8B09BD2ED
SRR7366636,2018-06-19 15:10:15,2018-06-19 14:34:15,37003054,10730885660,37003054,290,6306,GCA_000001405.13,https://sra-downloadb.be-md.ncbi.nlm.nih.gov/sos9/sra-pub-zq-922/SRR007/366/SRR7366636.sralite.1,SRX4239530,UACC-62-exome,Targeted-Capture,size fractionation,GENOMIC,PAIRED,0,0,ILLUMINA,Illumina Genome Analyzer IIx,SRP150855,PRJNA474665,2,474665,SRS2985814,SAMN08519362,simple,9606,Homo sapiens,UACC-62,,,,,missing,,no,,,,,HITHRU ANALYTICS LLC,SRA724673,,public,8EDDD122327285B5C680C6630DACA481,D221A09DAACD2164E245D930BC7D5E65
SRR7366637,2018-06-19 15:07:11,2018-06-19 15:01:37,44040184,4448058584,0,101,2048,GCA_000001405.13,https://sra-downloadb.be-md.ncbi.nlm.nih.gov/sos9/sra-pub-zq-922/SRR007/366/SRR7366637.sralite.1,SRX4239529,UO-31-exome,Targeted-Capture,size fractionation,GENOMIC,PAIRED,0,0,ILLUMINA,Illumina Genome Analyzer IIx,SRP150855,PRJNA474665,2,474665,SRS2985847,SAMN08519390,simple,9606,Homo sapiens,UO-31,,,,,female,,no,,,,,HITHRU ANALYTICS LLC,SRA724673,,public,C096E579FFC519AAE014C151F5BADEEA,4873453C8E93CC62F77DDD4D460DB352
